FIPS,Name,State,Population,LandArea,TotalArea,CommutingByPublicTransportation,GDP,DayOfFirstCases,ConfirmedCasesDay25
1003,Baldwin County,AL,223234,4117546676,5250602512,82,6606080,53,364
1051,Elmore County,AL,81209,1601769095,1701726818,42,1902516,52,257
1073,Jefferson County,AL,658573,2878465205,2911350249,2694,46959136,52,4649
1081,Lee County,AL,164542,1573548952,1595041243,504,6818940,54,1643
1083,Limestone County,AL,98915,1450277885,1572607614,71,3717509,52,329
1101,Montgomery County,AL,226486,2033918497,2071762502,546,14237190,52,603
1117,Shelby County,AL,217702,2034112797,2096650584,30,11594728,54,1841
1125,Tuscaloosa County,AL,209355,3421009204,3499724554,283,9793605,52,580
4009,Graham County,AZ,38837,11972737302,12020215018,41,1234253,48,39
4013,Maricopa County,AZ,4485414,23825949527,23890186474,41442,247622633,5,26
4019,Pima County,AZ,1047279,23794796847,23800048217,11018,44876057,50,2450
4021,Pinal County,AZ,462789,13897458216,13919802591,310,7589136,46,517
5051,Garland County,AR,99386,1755290360,1902674297,195,3434549,54,622
5069,Jefferson County,AR,66824,2253242466,2366673554,41,3284170,50,587
5119,Pulaski County,AR,391911,1965579500,2091815879,1499,30084230,51,1738
5125,Saline County,AR,122437,1873977181,1891956867,23,2277673,6,4
6001,Alameda County,CA,1671329,1909598013,2126521758,115383,144494091,42,1398
6009,Calaveras County,CA,45905,2641829200,2685626859,189,1642450,52,72
6013,Contra Costa County,CA,1153526,1857233047,2082515683,56287,82436416,43,1343
6019,Fresno County,CA,999101,15431404077,15568749229,4609,47408857,47,529
6023,Humboldt County,CA,135558,9241527430,10495291187,1185,6817827,31,26
6025,Imperial County,CA,181215,10817292933,11607505214,493,8444865,50,502
6037,Los Angeles County,CA,10039107,10510671776,12305346943,286686,787176672,5,26
6039,Madera County,CA,157327,5534617472,5576863403,245,7201526,46,161
6041,Marin County,CA,258826,1347976788,2145005925,12241,23648191,50,1514
6059,Orange County,CA,3175692,2053294769,2455299613,31296,260484674,5,26
6061,Placer County,CA,398329,3644325262,3890819752,1988,24748629,41,286
6065,Riverside County,CA,2470546,18664901451,18915096148,12792,90768490,47,2750
6067,Sacramento County,CA,1552058,2500490904,2575385273,17270,96628861,31,219
6069,San Benito County,CA,62808,3596590995,3601310291,161,2759377,13,52
6071,San Bernardino County,CA,2180085,51954895600,52071990740,13197,96340623,54,4863
6073,San Diego County,CA,3338330,10900649391,11721344890,46506,245138815,21,53
6075,San Francisco County,CA,881549,121375681,600592353,172593,183171673,44,2641
6077,San Joaquin County,CA,762148,3606263159,3695237488,4485,32328427,52,2402
6079,San Luis Obispo County,CA,283111,8548611925,9364131097,1577,18520901,50,1107
6081,San Mateo County,CA,766573,1161960635,1919071180,42791,114862990,41,1672
6083,Santa Barbara County,CA,446499,7083976828,9813815108,6406,30191620,54,2127
6085,Santa Clara County,CA,1927852,3343896477,3377486343,41240,328260759,10,49
6087,Santa Cruz County,CA,273213,1152866293,1572537802,3834,15310247,48,607
6089,Shasta County,CA,180080,9778230074,9964709533,483,8723326,48,79
6095,Solano County,CA,447643,2128327622,2347027558,6004,26440606,48,604
6097,Sonoma County,CA,494336,4081491107,4578946411,4553,31959962,41,312
6099,Stanislaus County,CA,550660,3874662824,3921019213,1789,25133925,51,617
6107,Tulare County,CA,466195,12495083015,12532097659,1226,19137922,51,879
6111,Ventura County,CA,846006,4771968316,5719333321,4857,59631268,48,1390
6113,Yolo County,CA,220500,2628144763,2651023215,3961,15336770,45,184
8001,Adams County,CO,517421,3020592854,3065039959,9366,26808606,51,2647
8005,Arapahoe County,CO,656590,2066632437,2086132027,14115,48610332,48,3106
8013,Boulder County,CO,326196,1881290197,1917802841,8047,27533518,54,2317
8019,Clear Creek County,CO,9700,1023561805,1026836687,30,505016,54,104
8031,Denver County,CO,727211,397024697,401270097,25040,77455208,45,3421
8035,Douglas County,CO,351154,2176237637,2183034695,3280,17335732,46,1070
8037,Eagle County,CO,55127,4362761542,4381724900,1667,3903441,48,2814
8041,El Paso County,CO,720403,5508504028,5515601485,2556,37001039,46,1998
8045,Garfield County,CO,60061,7634105497,7655503898,1184,3893318,54,610
8051,Gunnison County,CO,17462,8389338082,8442405150,409,1120201,48,941
8059,Jefferson County,CO,582881,1979501357,2004827679,10458,33039256,49,3375
8069,Larimer County,CO,356899,6723008226,6822032893,2567,18783482,48,1044
8077,Mesa County,CO,154210,8621899288,8653339789,305,7017336,53,256
8097,Pitkin County,CO,17767,2514104904,2520577479,1721,2203979,51,573
8101,Pueblo County,CO,168424,6179916826,6210184320,656,6888420,52,324
8107,Routt County,CO,25638,6117602765,6133434509,434,1873786,52,303
8117,Summit County,CO,31011,1575590691,1603874160,946,2472134,45,146
8123,Weld County,CO,324492,10323763901,10403322265,757,19759560,52,4303
9001,Fairfield County,CT,943332,1618651428,2167944946,46650,89387658,48,15624
9003,Hartford County,CT,891720,1903543897,1944087674,14071,84111164,53,8362
9005,Litchfield County,CT,180333,2384116952,2446451477,1224,8742282,49,1242
9009,New Haven County,CT,854757,1565688367,2232769609,17343,53613901,53,11578
10003,New Castle County,DE,558753,1104149852,1279526142,10470,50522842,51,3284
11001,Washington,DC,705749,158340391,177027589,127530,140660945,47,4712
12001,Alachua County,FL,269043,2266324954,2509201961,4705,14129555,49,1064
12003,Baker County,FL,29210,1515738968,1525425088,0,654846,50,116
12005,Bay County,FL,174705,1964585684,2675853671,863,8649911,50,135
12007,Bradford County,FL,28201,761362115,778267316,60,733405,50,41
12011,Broward County,FL,1952778,3116026236,3426078723,24663,108572033,46,8582
12015,Charlotte County,FL,188910,1764058624,2222795311,147,5227779,48,217
12017,Citrus County,FL,149657,1507142282,2002690225,124,3989942,53,450
12019,Clay County,FL,219252,1566375291,1666778190,108,5095775,49,497
12021,Collier County,FL,384902,5170431469,5969863477,3303,17910636,49,1682
12023,Columbia County,FL,71686,2065645989,2075401962,19,2324177,50,64
12027,DeSoto County,FL,38001,1649027555,1655271103,517,883839,50,92
12031,Duval County,FL,957755,1975993782,2378801682,8160,66543822,49,2321
12033,Escambia County,FL,318316,1701544502,2265472114,901,16070346,50,889
12035,Flagler County,FL,115081,1256519758,1478438656,154,2432945,50,232
12039,Gadsden County,FL,45660,1337194435,1368880538,44,1329348,50,29
12055,Highlands County,FL,106221,2634768891,2866394435,343,2716127,50,214
12057,Hillsborough County,FL,1471968,2646574869,3278227864,10045,89665469,41,832
12069,Lake County,FL,367118,2462296203,2996475040,440,9314348,50,761
12071,Lee County,FL,770577,2025413418,3140030613,2183,30583564,46,1277
12073,Leon County,FL,293582,1727086019,1817634413,2530,16062854,50,344
12081,Manatee County,FL,403253,1924706077,2312213796,1138,14167026,47,522
12083,Marion County,FL,365579,4113955311,4306275873,554,10362585,50,315
12086,Miami-Dade County,FL,2716940,4917746437,6296721430,63929,164632057,51,31024
12087,Monroe County,FL,74228,2546027976,9679384520,594,4886461,50,346
12089,Nassau County,FL,88625,1680074654,1880125732,55,2530754,49,128
12091,Okaloosa County,FL,210738,2409293012,2802569391,321,11802635,47,381
12095,Orange County,FL,1393452,2337566033,2598283919,16294,98092581,52,6256
12097,Osceola County,FL,375751,3438755923,3900618596,1973,9501712,52,2105
12099,Palm Beach County,FL,1496770,5090938139,6172370367,11899,81536008,51,7969
12101,Pasco County,FL,553947,1933862570,2249275424,900,12705902,49,571
12103,Pinellas County,FL,974996,709006650,1575045209,7663,52309434,49,2118
12107,Putnam County,FL,74521,1885167077,2141715354,123,2292484,50,168
12109,St. Johns County,FL,264672,1555841585,2127764853,143,8361323,54,1646
12111,St. Lucie County,FL,328297,1480655751,1781500251,431,9430777,50,483
12113,Santa Rosa County,FL,184313,2622050626,3040071421,64,4318852,44,139
12115,Sarasota County,FL,433742,1442282866,1878478609,1176,20110820,50,1075
12117,Seminole County,FL,471826,801344504,894424065,1997,22039179,49,1196
12119,Sumter County,FL,132420,1442915229,1501741110,61,2825373,50,627
12127,Volusia County,FL,553284,2852206495,3709996096,2189,18539379,47,679
12131,Walton County,FL,74071,2687739968,3210535343,96,2874403,50,238
13015,Bartow County,GA,107738,1190154672,1217522542,384,5074625,50,1951
13049,Charlton County,GA,13392,2020415648,2026378885,24,217428,50,27
13057,Cherokee County,GA,258773,1090599861,1125068258,645,7043650,48,842
13059,Clarke County,GA,128331,308774405,313473163,2802,7933106,51,704
13063,Clayton County,GA,292256,366930141,373919289,3772,19123786,51,1742
13067,Cobb County,GA,760141,879964563,892428654,4172,50574731,46,2160
13073,Columbia County,GA,156714,751293212,796687264,65,3780110,51,315
13077,Coweta County,GA,148509,1142008517,1154701608,419,4179418,50,499
13089,DeKalb County,GA,759297,693405943,702361487,28452,41799796,48,3331
13095,Dougherty County,GA,87956,851183464,866536313,565,4751513,54,8792
13113,Fayette County,GA,114421,503420082,516245263,393,4923301,48,454
13115,Floyd County,GA,98498,1320434486,1342818575,213,4294954,48,500
13121,Fulton County,GA,1063937,1364248547,1383923487,38134,167756496,42,2055
13129,Gordon County,GA,57963,921598697,927328499,145,2372510,50,239
13135,Gwinnett County,GA,936250,1115127417,1131207492,4929,48836949,48,2079
13151,Henry County,GA,234561,825296434,845586898,879,6190990,53,1702
13177,Lee County,GA,29992,921731013,937041696,0,620156,50,1001
13185,Lowndes County,GA,117406,1287622180,1322384140,161,5213433,50,351
13217,Newton County,GA,111744,709007143,723119329,214,2772088,54,641
13233,Polk County,GA,42613,803751986,808440342,65,1327289,45,116
16001,Ada County,ID,481587,2724688230,2746864407,901,27409991,53,3767
16081,Teton County,ID,12142,1163139950,1166008423,54,351128,53,63
17019,Champaign County,IL,209689,2579909092,2586008569,6502,11675933,54,617
17027,Clinton County,IL,37562,1227664369,1303299693,189,1310475,54,173
17031,Cook County,IL,5150233,2447370818,4233683862,475363,411671713,3,45
17043,DuPage County,IL,922921,848808625,871244101,34128,91380287,53,7166
17089,Kane County,IL,532403,1345134059,1357624646,6651,24667680,48,1173
17097,Lake County,IL,696535,1149803084,3543947336,15948,67701128,51,6160
17111,McHenry County,IL,307774,1562818741,1582688343,4269,11534353,48,637
17163,St. Clair County,IL,259686,1703509128,1745510480,4401,11942370,53,856
17167,Sangamon County,IL,194672,2248877362,2271455086,1470,11873339,54,341
17195,Whiteside County,IL,55175,1772158753,1803995322,82,2330100,54,163
17201,Winnebago County,IL,282572,1329234270,1344690117,1664,14817252,54,483
17203,Woodford County,IL,38459,1366946108,1405407474,77,1267496,53,81
18001,Adams County,IN,35777,878079470,880509424,0,1552083,48,26
18011,Boone County,IN,67843,1095336916,1096214071,58,4894814,48,204
18057,Hamilton County,IN,338011,1021307228,1042306734,199,18125906,53,2867
18063,Hendricks County,IN,170311,1053849359,1058730197,70,6703927,47,564
18067,Howard County,IN,82544,758866958,761253151,188,5973397,49,212
18081,Johnson County,IN,158167,829945889,833434707,288,5123431,49,1034
18091,LaPorte County,IN,109888,1549504338,1588334654,432,4399585,53,202
18097,Marion County,IN,964582,1026784675,1043791214,8441,94099662,45,4737
18113,Noble County,IN,47744,1064071373,1081145979,14,1918960,48,38
18141,St. Joseph County,IN,271826,1185918569,1194983090,1646,14101010,51,772
18179,Wells County,IN,28296,953341278,958937655,54,1127240,53,35
19027,Carroll County,IA,20165,1474835098,1476980447,35,1397311,51,26
19049,Dallas County,IA,93453,1523741156,1532253107,156,5612389,53,411
19085,Harrison County,IA,14049,1804814772,1817226045,17,491062,52,134
19103,Johnson County,IA,151140,1587640020,1613726689,4409,9588019,48,976
19155,Pottawattamie County,IA,93206,2461833316,2484161920,396,5113538,48,57
20015,Butler County,KS,66911,3702816810,3746488201,51,2699958,52,92
20059,Franklin County,KS,25544,1480855479,1494775650,12,899329,54,121
20091,Johnson County,KS,602401,1226647559,1242998643,1032,47112594,47,1116
20209,Wyandotte County,KS,165429,392744972,404540969,727,10781006,51,1278
21017,Bourbon County,KY,19788,750439351,755269128,43,776810,54,29
21049,Clark County,KY,36263,653935807,660851732,25,1394044,54,121
21067,Fayette County,KY,323152,734615998,739538113,3133,21172777,51,1337
21097,Harrison County,KY,18886,793603110,802585387,19,522115,48,261
21111,Jefferson County,KY,766757,985970624,1029996934,10337,56037562,48,1700
21173,Montgomery County,KY,28157,511132546,514988824,0,1009023,52,47
21179,Nelson County,KY,46233,1081354961,1098352345,0,1783571,53,46
22001,Acadia Parish,LA,62045,1696880710,1702799267,39,1751382,50,402
22015,Bossier Parish,LA,127039,2176379782,2246678615,227,6236360,53,1319
22017,Caddo Parish,LA,240204,2276157693,2425771366,1822,14385381,50,3622
22051,Jefferson Parish,LA,432493,765751903,1662866888,2229,24393551,48,12210
22057,Lafourche Parish,LA,97614,2767030478,3804547713,230,4394848,54,2610
22071,Orleans Parish,LA,390144,438820361,906099133,13212,26133518,49,25122
22087,St. Bernard Parish,LA,47244,977751815,5581954012,217,1422112,54,2507
22089,St. Charles Parish,LA,53100,719354044,1028008070,61,9860844,52,1880
22095,St. John the Baptist Parish,LA,42837,555086121,1061525113,58,2202482,53,3045
22103,St. Tammany Parish,LA,260419,2191719306,2837535267,207,10024328,52,4676
22109,Terrebonne Parish,LA,110461,3185236754,5392412821,112,6010442,52,1183
23001,Androscoggin County,ME,108277,1211956216,1287537098,77,4792086,51,181
23005,Cumberland County,ME,295003,2164439627,3153211935,2287,21736290,52,2782
23019,Penobscot County,ME,152148,8798688537,9212682810,366,6785566,52,227
24003,Anne Arundel County,MD,579234,1074287145,1522386740,10188,50181212,52,2603
24005,Baltimore County,MD,827370,1549739465,1765704131,19348,55028735,50,3286
24013,Carroll County,MD,168447,1159345029,1172465377,655,6584698,53,1415
24017,Charles County,MD,163257,1185699267,1665207319,4677,6032279,52,875
24025,Harford County,MD,255441,1132134727,1364037715,1867,13290305,47,241
24031,Montgomery County,MD,1050688,1277059775,1312879898,82610,95064444,45,2367
24033,Prince George's County,MD,909327,1250061702,1291979984,72946,47181860,48,3169
24510,Baltimore City,MD,593490,209649200,238409689,49309,52193665,53,3936
25001,Barnstable County,MA,212990,1021048430,3381335973,1310,14344348,53,3729
25003,Berkshire County,MA,124944,2400595902,2451308804,727,7675980,47,1491
25005,Bristol County,MA,565217,1432536921,1790010300,7549,26827307,53,6254
25009,Essex County,MA,789034,1275502663,2145781363,23265,48278445,49,8202
25011,Franklin County,MA,70180,1810978987,1876518228,682,3139629,51,808
25013,Hampden County,MA,466372,1597996708,1642413778,3937,23775963,53,7404
25017,Middlesex County,MA,1611699,2118197013,2193562472,106409,171126579,45,7778
25021,Norfolk County,MA,706775,1025886743,1150866087,52570,56828640,42,2167
25023,Plymouth County,MA,521202,1706646158,2831621442,14643,27074970,54,10916
25025,Suffolk County,MA,803907,150855103,311369687,137059,132808105,11,26
25027,Worcester County,MA,830622,3912564078,4090013138,7203,45711885,48,4267
26017,Bay County,MI,103126,1145397300,1633548278,247,3859251,52,210
26029,Charlevoix County,MI,26143,1078288789,3601219908,76,1224572,52,88
26065,Ingham County,MI,292406,1440364339,1452242414,4988,16422721,51,1295
26081,Kent County,MI,656955,2196437063,2258319798,6363,43492939,51,1474
26099,Macomb County,MI,873972,1241247601,1478678397,3221,40943060,52,16975
26115,Monroe County,MI,150500,1422800567,1761021563,253,6384733,53,1110
26117,Montcalm County,MI,63888,1826792558,1866738146,78,1758389,51,110
26125,Oakland County,MI,1257584,2246566547,2349733023,2905,112604207,49,18236
26139,Ottawa County,MI,291830,1459502408,4225333391,1243,14723009,54,598
26147,St. Clair County,MI,159128,1868189426,2166542335,516,5813217,51,629
26161,Washtenaw County,MI,367601,1828460768,1871063028,9532,24661984,51,4398
26163,Wayne County,MI,1749343,1585054265,1742401544,20033,99069943,49,41423
27003,Anoka County,MN,356921,1092919450,1155330623,6008,15380653,49,276
27009,Benton County,MN,40889,1057483355,1069770343,333,1725974,51,25
27013,Blue Earth County,MN,67653,1936734380,1982851349,514,4340014,51,152
27019,Carver County,MN,105089,917370948,974117165,1193,5425604,51,159
27037,Dakota County,MN,429021,1456708511,1519865469,7569,27833647,51,671
27053,Hennepin County,MN,1265843,1434458964,1571011996,49470,137015472,51,3062
27109,Olmsted County,MN,158293,1692581423,1696086930,4299,11590720,51,844
27123,Ramsey County,MN,550321,394246995,440511470,18565,43485967,45,439
27129,Renville County,MN,14548,2545744686,2556596579,18,720155,53,33
27145,Stearns County,MN,161075,3477861781,3599997085,1164,8854903,51,111
27161,Waseca County,MN,18612,1096505107,1121398822,51,851828,54,57
27163,Washington County,MN,262440,995612473,1095075416,2905,10780297,54,748
27171,Wright County,MN,138377,1712292171,1849901648,525,4571642,52,116
28029,Copiah County,MS,28065,2013158779,2018803559,9,678188,52,176
28035,Forrest County,MS,74897,1207042884,1217915800,155,4053057,51,396
28049,Hinds County,MS,231840,2252697076,2272147181,561,12705708,53,1682
28083,Leflore County,MS,28183,1538645695,1570513892,73,1220444,52,315
28109,Pearl River County,MS,55535,2101301898,2122080543,1,1100530,52,525
29077,Greene County,MO,293086,1749081115,1755701150,939,16857130,51,682
29083,Henry County,MO,21824,1805075851,1896712289,20,778399,52,29
29189,St. Louis County,MO,994205,1314228662,1354390580,12076,79627801,47,3624
30007,Broadwater County,MT,6237,3088195835,3206683152,0,134668,52,56
30031,Gallatin County,MT,114434,6746957846,6821447016,274,5822537,52,1161
30063,Missoula County,MT,119600,6715862288,6780448902,1361,5694748,53,270
30093,Silver Bow County,MT,34915,1859568273,1861086449,103,1541022,52,146
30111,Yellowstone County,MT,161300,6820647780,6860595544,501,9564773,52,479
31025,Cass County,NE,26248,1443537069,1465651785,13,929454,51,38
31055,Douglas County,NE,571327,845399826,878904474,3387,45906741,45,712
31107,Knox County,NE,8332,2870856403,2951866111,2,445967,49,45
32003,Clark County,NV,2266715,20439281456,20877692945,37131,122423873,44,3895
32031,Washoe County,NV,471519,16320597789,16941517022,3945,26477845,45,835
32510,Carson City,NV,55916,374672862,407257099,99,3661749,51,101
33009,Grafton County,NH,89886,4425249656,4531713876,572,6748078,41,215
33011,Hillsborough County,NH,417025,2270232096,2311511858,1940,28160159,54,2578
33015,Rockingham County,NH,309769,1801042594,2059681686,1377,21071476,47,1123
34003,Bergen County,NJ,932202,602910975,638266076,70871,73548321,44,12972
34005,Burlington County,NJ,445349,2070244951,2124271159,7885,28244160,48,1951
34007,Camden County,NJ,506471,573295201,589014475,17803,26630107,48,2149
34013,Essex County,NJ,798975,326557460,335195632,78513,59018323,51,28849
34015,Gloucester County,NJ,291636,833904538,872236726,3215,15758220,52,2035
34017,Hudson County,NJ,672391,119632168,161599532,145233,51575916,47,11009
34019,Hunterdon County,NJ,124371,1108065331,1132847852,1734,7590001,52,1728
34021,Mercer County,NJ,367430,581281416,592732563,13335,32093898,53,6475
34023,Middlesex County,NJ,825062,800871212,836330250,38458,64687010,51,20778
34025,Monmouth County,NJ,618795,1212563775,1723572762,25362,35826474,48,10749
34027,Morris County,NJ,491845,1192855212,1247142061,13991,58515215,51,12862
34029,Ocean County,NJ,607186,1627449879,2369414628,4487,21516075,52,18423
34031,Passaic County,NJ,501826,481767290,513824891,20121,23600289,48,11077
34035,Somerset County,NJ,328934,781816438,789825496,8944,40778240,51,6294
34039,Union County,NJ,556341,266160325,273216949,32780,40055247,48,12188
35001,Bernalillo County,NM,679121,3007639331,3023494462,5898,37865783,50,1863
35043,Sandoval County,NM,146748,9609141803,9619993828,452,3226655,53,859
35049,Santa Fe County,NM,150358,4947127762,4950504274,853,6685324,50,562
35053,Socorro County,NM,16637,17214061663,17218904674,16,519956,50,61
36001,Albany County,NY,305506,1354120790,1381245343,9504,31707107,51,3740
36005,Bronx County,NY,1418207,108908944,148597498,346240,49347608,47,65432
36007,Broome County,NY,190488,1828055107,1853172585,2803,10014469,51,558
36025,Delaware County,NY,44135,3735851364,3800670053,235,1940909,51,230
36027,Dutchess County,NY,294218,2060717226,2137634475,7956,14038485,51,7736
36029,Erie County,NY,918702,2700643194,3177539597,16600,58987645,53,10201
36039,Greene County,NY,47188,1676140493,1704341554,224,2360207,54,290
36043,Herkimer County,NY,61319,3655807440,3776227961,291,1986427,51,193
36047,Kings County,NY,2559903,179671325,250770298,729737,105937975,44,61944
36055,Monroe County,NY,741770,1701292247,3539746524,10773,49392931,51,4592
36057,Montgomery County,NY,49221,1044066971,1062666159,196,2002191,54,190
36059,Nassau County,NY,1356924,737085188,1174471823,113180,93325206,44,41522
36061,New York County,NY,1628706,58680498,87232205,521777,711974400,41,25153
36071,Orange County,NY,384940,2103901761,2171992497,9518,17471690,51,24500
36079,Putnam County,NY,98320,596526069,637786999,4057,3510354,54,3918
36081,Queens County,NY,2253858,281734474,461099393,563428,108755409,46,100895
36085,Richmond County,NY,476143,148972685,264925338,61905,17002204,48,24719
36087,Rockland County,NY,325789,449197039,516061292,12380,21469873,46,18685
36091,Saratoga County,NY,229863,2097879149,2185452212,932,11564651,46,1008
36093,Schenectady County,NY,155299,529858774,542456655,2876,8365412,52,1544
36103,Suffolk County,NY,1476601,2361492153,6146393884,46736,92983255,47,52388
36107,Tioga County,NY,48203,1343194501,1354252503,136,1936678,53,98
36109,Tompkins County,NY,102180,1229314961,1273102632,3141,6230181,53,1053
36111,Ulster County,NY,177573,2911757798,3006354744,2094,7171697,47,1581
36119,Westchester County,NY,967506,1115165961,1294976213,106155,84822522,42,39962
37019,Brunswick County,NC,142820,2199384967,2718303079,237,4175010,53,277
37025,Cabarrus County,NC,216453,935602088,942608779,776,7277356,50,496
37037,Chatham County,NC,74470,1765640373,1836275208,221,1584337,45,111
37049,Craven County,NC,102139,1830077186,2002792198,77,4912535,53,152
37063,Durham County,NC,321488,741907726,771461349,5209,40416632,50,1726
37067,Forsyth County,NC,382295,1056149964,1067934258,1702,25050740,50,588
37085,Harnett County,NC,135976,1541110995,1557478247,96,2465729,53,350
37101,Johnston County,NC,209339,2049281828,2060845116,203,5241124,50,219
37119,Mecklenburg County,NC,1110356,1356047125,1414386465,16382,114507946,50,5129
37133,Onslow County,NC,197938,1973417749,2344440391,288,9116657,50,101
37183,Wake County,NC,1111761,2162178923,2220251117,5821,76979769,42,715
37189,Watauga County,NC,56177,809160417,811492676,596,2204140,53,103
37191,Wayne County,NC,123131,1434638262,1444493453,217,5195047,53,164
37195,Wilson County,NC,81801,952012785,966345475,85,4372310,54,329
38101,Ward County,ND,67641,5213657405,5324880773,200,4168646,51,153
39013,Belmont County,OH,67006,1378198933,1401894995,133,6353459,52,189
39017,Butler County,OH,383134,1208541665,1217362246,814,20361163,52,728
39035,Cuyahoga County,OH,1235072,1184103772,3225904434,26889,100074594,48,5448
39049,Franklin County,OH,1316756,1378944435,1407978504,15308,97774525,53,6236
39093,Lorain County,OH,309833,1272238893,2391690486,751,11251295,53,1408
39095,Lucas County,OH,428348,882436042,1543212413,3253,26754711,54,3176
39103,Medina County,OH,179746,1091406482,1095604938,319,6987777,54,1046
39151,Stark County,OH,370606,1490064421,1503700518,2219,17168748,50,649
39153,Summit County,OH,541013,1069181981,1088140248,4559,30687321,52,1933
39155,Trumbull County,OH,197974,1600713063,1648704530,459,8010128,51,695
39157,Tuscarawas County,OH,91987,1469641516,1480050364,119,3828988,54,233
40027,Cleveland County,OK,284014,1395724193,1445437336,538,8108704,54,1920
40065,Jackson County,OK,24530,2078855906,2082970324,4,1283950,51,40
40071,Kay County,OK,43538,2381847043,2447447654,26,1847931,54,401
40109,Oklahoma County,OK,797434,1835845600,1860576186,2033,64352017,52,2643
40119,Payne County,OK,81784,1773393751,1805165177,431,3427886,54,268
40143,Tulsa County,OK,651552,1477122998,1520381378,1990,49075158,46,561
41005,Clackamas County,OR,418187,4845034547,4876907650,5591,21482671,51,761
41017,Deschutes County,OR,197692,7815545146,7910300904,307,9326898,50,388
41019,Douglas County,OR,110980,13042266635,13294300064,92,3938195,47,70
41029,Jackson County,OR,220944,7208597907,7255364319,1016,9323330,46,140
41035,Klamath County,OR,68238,15391639803,15895326393,162,2577225,46,42
41043,Linn County,OR,129749,5923636964,5973991231,248,5014306,51,643
41047,Marion County,OR,347818,3057615207,3084184682,2713,16212174,47,1126
41051,Multnomah County,OR,812855,1116558776,1204781044,49018,67121018,49,1327
41053,Polk County,OR,86085,1918983329,1927136444,226,2045571,50,196
41059,Umatilla County,OR,77950,8327974442,8369595705,113,3865074,41,44
41067,Washington County,OR,601592,1875846777,1881973787,18115,49680871,39,545
41071,Yamhill County,OR,107100,1854169188,1860660947,345,3688878,54,324
42003,Allegheny County,PA,1216045,1890994754,1928301160,58049,96697540,53,6239
42007,Beaver County,PA,163929,1125904407,1150067135,1577,8031494,54,1003
42017,Bucks County,PA,628270,1565461198,1610597639,10819,34399200,49,3050
42029,Chester County,PA,524989,1943848979,1966408457,7091,45687252,52,2752
42041,Cumberland County,PA,253370,1412836743,1425356007,858,15311473,52,634
42045,Delaware County,PA,566747,476088156,493660579,28288,34373311,45,1892
42069,Lackawanna County,PA,209674,1188216340,1204113765,856,10170820,54,2002
42077,Lehigh County,PA,369318,894071856,901881829,3599,23988329,54,9103
42079,Luzerne County,PA,317417,2305983750,2347214219,1616,16620004,54,7435
42089,Monroe County,PA,170271,1575378412,1598252350,3332,6513963,48,2087
42091,Montgomery County,PA,830915,1250855248,1261872010,22799,77554844,47,4970
42095,Northampton County,PA,305285,957377695,976804164,2716,14023008,51,4040
42101,Philadelphia County,PA,1584064,347661370,369587912,167607,120491943,48,11173
42103,Pike County,PA,55809,1411441242,1468133484,615,1427387,51,762
42125,Washington County,PA,206865,2219590657,2229738332,1443,15895056,52,503
42127,Wayne County,PA,51361,1879248516,1944081736,208,1726625,45,74
42133,York County,PA,449058,2341882851,2358824683,1657,20978990,54,1836
44007,Providence County,RI,638931,1060563722,1128422703,10030,36773753,40,253
44009,Washington County,RI,125577,852827384,1457597286,630,7037459,52,651
45007,Anderson County,SC,202558,1848867555,1957377410,125,7093200,54,876
45013,Beaufort County,SC,192122,1492286911,2391802849,333,7494920,53,1620
45019,Charleston County,SC,411406,2377399079,3517179038,2497,31412677,45,811
45045,Greenville County,SC,523542,2033302113,2058459472,1091,30906085,54,2327
45051,Horry County,SC,354081,2936222687,3248885907,329,12734507,54,918
45055,Kershaw County,SC,66551,1881552070,1917265246,37,2034163,45,966
45057,Lancaster County,SC,98012,1422080325,1437569077,124,3820694,50,268
45063,Lexington County,SC,298750,1810376222,1962282361,261,12268323,53,1109
45083,Spartanburg County,SC,319785,2092047951,2121235121,579,15295526,47,266
46005,Beadle County,SD,18453,3260040832,3275846220,131,1008786,49,259
46009,Bon Homme County,SD,6901,1459586265,1506385760,0,242896,51,27
46023,Charles Mix County,SD,9292,2842481185,2979097951,14,611445,49,27
46035,Davison County,SD,19775,1128284964,1131689520,152,1155059,49,42
46087,McCook County,SD,5586,1487184889,1494080605,25,259880,52,42
46099,Minnehaha County,SD,193134,2089691730,2107890226,871,17766273,49,452
46103,Pennington County,SD,113775,7191808283,7211715258,311,5802018,48,55
47013,Campbell County,TN,39842,1243615770,1290110447,13,917213,53,77
47037,Davidson County,TN,694144,1304032668,1360623108,7651,71674551,47,3984
47065,Hamilton County,TN,367804,1404654388,1491300221,1843,26341437,53,871
47089,Jefferson County,TN,54495,712051940,814075476,59,1514345,53,110
47093,Knox County,TN,470313,1316572232,1362130684,1664,27307967,52,1059
47149,Rutherford County,TN,332285,1603845509,1616299328,511,15039503,53,1491
47157,Shelby County,TN,937166,1977649595,2033221715,5115,65031814,47,3263
47163,Sullivan County,TN,158348,1070695045,1112934216,138,8169722,49,137
47187,Williamson County,TN,238412,1509616958,1512624938,428,22991779,44,928
48027,Bell County,TX,362924,2722825522,2817483543,656,16620763,52,652
48029,Bexar County,TX,2003554,3212140683,3253220395,21758,109073496,53,4314
48039,Brazoria County,TX,374264,3528352491,4166290468,164,17654526,53,1619
48085,Collin County,TX,1034730,2178894500,2295109962,5720,64924439,48,1741
48113,Dallas County,TX,2635516,2258614866,2353313838,34940,264438886,49,7192
48141,El Paso County,TX,839238,2624139561,2629590656,5210,32412416,53,1071
48157,Fort Bend County,TX,811688,2231486504,2293018588,5542,25918414,44,675
48167,Galveston County,TX,342139,981441986,2263123963,1386,15020639,53,1958
48183,Gregg County,TX,123945,708052198,714258612,73,8515870,48,63
48201,Harris County,TX,4713325,4416454882,4603596338,56681,387731505,44,2060
48209,Hays County,TX,230191,1755978790,1761016533,708,7138280,53,536
48285,Lavaca County,TX,20154,2511535251,2513417467,7,1176217,53,32
48321,Matagorda County,TX,36643,2830586734,4176388001,129,2239398,54,404
48339,Montgomery County,TX,607391,2700380211,2789134786,2583,24858535,49,975
48423,Smith County,TX,232751,2386603414,2459767927,268,11042024,52,630
48439,Tarrant County,TX,2102515,2236833515,2336938138,5700,120101296,49,2624
48453,Travis County,TX,1273954,2568875749,2649665557,20441,111568556,52,4522
49011,Davis County,UT,355481,774500758,1645194013,3628,14972633,46,639
49035,Salt Lake County,UT,1160437,1921943668,2086847019,21486,92409828,51,6113
49043,Summit County,UT,42145,4844778489,4871394435,450,3373698,51,2697
49053,Washington County,UT,177556,6287037057,6294818728,338,6088316,54,276
49057,Weber County,UT,260213,1492522446,1708980402,1813,11064186,48,334
50003,Bennington County,VT,35470,1748233047,1755161055,67,1716444,47,178
50007,Chittenden County,VT,163774,1389750172,1603977722,2358,11570630,51,2194
50023,Washington County,VT,58409,1779428779,1800606099,372,3825047,53,253
50027,Windsor County,VT,55062,2511194819,2530556917,184,2644860,53,336
51009,Amherst County,VA,31605,1227554630,1240453325,83,887197,52,60
51013,Arlington County,VA,236842,67333000,67606562,38904,35077695,48,980
51019,Bedford County,VA,78997,1968605129,2010723647,46,2112590,52,48
51041,Chesterfield County,VA,352802,1097033443,1131788870,804,17216677,53,996
51047,Culpeper County,VA,52605,982089169,991094306,287,1835220,52,74
51059,Fairfax County,VA,1147532,1012684309,1052811229,59503,,47,1959
51065,Fluvanna County,VA,27270,743630414,754377439,21,881852,52,63
51067,Franklin County,VA,56042,1788700725,1843079292,155,1523142,52,85
51085,Hanover County,VA,107766,1211818312,1224470983,175,5994502,52,119
51095,James City County,VA,76523,368724589,463970578,248,,52,1409
51105,Lee County,VA,23423,1127622401,1132519269,14,510324,52,35
51107,Loudoun County,VA,413538,1335828238,1350249611,7814,26377063,48,810
51109,Louisa County,VA,37591,1284976753,1322770887,128,2376613,52,137
51117,Mecklenburg County,VA,30587,1619502374,1759200167,26,1233915,48,59
51147,Prince Edward County,VA,22802,906395970,916436085,40,808980,52,44
51153,Prince William County,VA,470335,869562682,900451182,11732,,52,1640
51163,Rockbridge County,VA,22573,1545038082,1553875051,28,,52,32
51165,Rockingham County,VA,81948,2200943714,2211591335,55,,52,126
51177,Spotsylvania County,VA,136215,1039887175,1073004197,1737,,53,197
51510,Alexandria City,VA,159428,38676699,39749586,20227,15734949,52,659
51590,Danville City,VA,40044,110844524,113185888,376,,52,99
51630,Fredericksburg City,VA,29036,27067169,27244848,862,,52,44
51660,Harrisonburg City,VA,53016,44908390,45039470,590,,52,191
51810,Virginia Beach City,VA,449974,633832297,1288515923,2146,22621499,52,1395
53011,Clark County,WA,488241,1627765163,1697993010,4772,20743251,46,685
53013,Columbia County,WA,3985,2249624728,2262186490,4,467092,52,26
53025,Grant County,WA,97733,6939853494,7229815374,826,5790087,44,385
53027,Grays Harbor County,WA,75061,4924421612,5759111510,244,2847465,51,42
53029,Island County,WA,85141,540043252,1339864492,961,3157398,50,1365
53031,Jefferson County,WA,32221,4671590207,5666626241,201,1101987,46,162
53033,King County,WA,2252782,5478600963,5976276056,155109,303694235,1,26
53035,Kitsap County,WA,271473,1023381117,1465495926,11084,13056917,48,732
53037,Kittitas County,WA,47935,5949976986,6042412994,335,1866037,47,117
53043,Lincoln County,WA,10939,5984421210,6059687171,8,477384,54,26
53053,Pierce County,WA,904980,4319603700,4676112018,15011,44809301,46,3182
53057,Skagit County,WA,129205,4481247129,4965098842,482,8114344,49,1520
53061,Snohomish County,WA,822083,5404058573,5686970901,21329,43533409,39,5037
53063,Spokane County,WA,522798,4568452137,4611887082,6173,26482714,53,2397
53067,Thurston County,WA,290536,1871237475,2004885007,2185,14064850,51,631
53073,Whatcom County,WA,229247,5459429045,6487580265,2404,14639526,50,1630
53077,Yakima County,WA,250873,11122757280,11163925454,532,10517064,52,2868
55025,Dane County,WI,546695,3098910897,3205116214,15586,45531350,48,2108
55039,Fond du Lac County,WI,103403,1863666382,1983521008,124,5285833,51,490
55079,Milwaukee County,WI,945726,625440563,3080824198,24113,61228371,52,11770
55093,Pierce County,WI,42754,1486272236,1532951904,31,1195260,48,72
55101,Racine County,WI,196311,861398471,2051636913,1415,9648711,52,463
55117,Sheboygan County,WI,115340,1324851063,3292498796,222,7435577,52,252
55133,Waukesha County,WI,404198,1423769192,1503587237,1293,30987892,51,1488
55139,Winnebago County,WI,171907,1125846130,1498491482,668,10411532,53,252
56013,Fremont County,WY,39261,23785388824,23998157412,120,1645788,52,448
56033,Sheridan County,WY,30485,6535475109,6543461439,18,1397518,51,148
